epoch,loss,val_loss
0,1982.1346557617187,1779.4164794921876
1,1684.4685424804688,1614.85068359375
0,13275.2515625,13231.63212890625
1,13196.2328125,13152.81787109375
